round,transport,test,pipeline,requests,rps,p50_ms,p99_ms,server_busy_sum,server_busy_max,client_busy_sum,client_busy_max
1,homa,get,1,800000,142140,0.435,0.591,119.8,70.3,258.2,49.4
1,tcp,get,1,800000,101001,0.607,1.183,148.2,94.6,250.5,50.2
1,homa,get,2,1600000,246277,0.503,0.691,148.4,91.5,265.1,50.0
1,tcp,get,2,1600000,186632,0.655,1.279,148.5,94.7,234.6,46.4
1,homa,get,4,3200000,422973,0.583,0.775,141.9,88.1,234.4,43.5
1,tcp,get,4,3200000,333690,0.727,1.423,145.4,94.8,222.6,45.8
1,homa,get,8,6400000,714166,0.679,0.903,141.4,92.3,213.5,38.9
1,tcp,get,8,6400000,527487,0.919,1.807,134.4,94.8,180.8,35.1
1,homa,get,16,12800000,959844,1.015,1.239,121.8,88.0,190.8,30.9
1,tcp,get,16,12800000,793565,1.191,2.319,142.4,95.6,180.4,34.7
1,homa,get,32,20000000,1272346,1.519,1.803,115.4,90.4,143.3,23.8
1,tcp,get,32,20000000,1042223,1.835,2.187,133.0,95.7,148.7,28.2
1,homa,get,64,20000000,1480494,2.631,3.011,117.3,92.1,103.6,17.4
1,tcp,get,64,20000000,1275429,2.879,5.607,115.1,90.8,123.4,22.4
1,homa,set,1,800000,137504,0.447,0.607,128.3,75.6,265.4,48.9
1,tcp,set,1,800000,99512,0.615,1.207,146.8,94.7,239.8,48.3
1,homa,set,2,1600000,225630,0.551,0.743,142.2,87.7,247.4,48.7
1,tcp,set,2,1600000,177941,0.687,1.343,144.7,94.9,227.4,45.9
1,homa,set,4,3200000,384986,0.639,0.839,137.5,87.7,219.8,40.3
1,tcp,set,4,3200000,317452,0.763,1.503,143.7,94.9,211.2,41.8
1,homa,set,8,6400000,602764,0.807,1.031,128.9,88.0,192.3,35.1
1,tcp,set,8,6400000,509443,0.943,1.855,136.6,95.6,183.4,36.0
1,homa,set,16,12800000,824516,1.167,1.423,132.8,89.9,150.7,27.4
1,tcp,set,16,12800000,599454,1.615,3.171,125.2,94.6,150.3,26.7
1,homa,set,32,20000000,1015203,1.879,2.183,122.7,90.9,109.4,20.0
1,tcp,set,32,20000000,849392,2.231,4.395,114.5,90.5,118.8,20.9
1,homa,set,64,20000000,1182961,3.263,3.647,119.5,93.6,88.4,15.8
1,tcp,set,64,20000000,1112224,3.327,6.255,111.7,92.0,100.0,17.1
2,homa,get,1,800000,140951,0.439,0.599,121.7,71.9,261.2,47.9
2,tcp,get,1,800000,102328,0.599,1.171,149.4,94.6,253.9,51.5
2,homa,get,2,1600000,250117,0.495,0.671,149.9,92.0,272.5,50.9
2,tcp,get,2,1600000,191336,0.639,1.255,147.8,95.0,242.1,48.4
2,homa,get,4,3200000,426084,0.583,0.767,140.8,89.7,239.3,44.9
2,tcp,get,4,3200000,338848,0.719,1.407,144.5,94.8,223.1,43.6
2,homa,get,8,6400000,677177,0.719,0.943,131.2,87.2,205.3,37.7
2,tcp,get,8,6400000,556038,0.871,1.703,136.6,94.6,188.9,37.1
2,homa,get,16,12800000,983368,0.983,1.223,123.1,89.1,194.4,31.1
2,tcp,get,16,12800000,792512,1.191,2.323,143.9,95.4,177.4,34.4
2,homa,get,32,20000000,1287313,1.495,1.791,116.0,90.9,146.8,24.2
2,tcp,get,32,20000000,1023869,1.863,2.215,132.4,95.4,142.6,26.8
2,homa,get,64,20000000,1473541,2.655,3.015,116.3,91.7,103.9,17.2
2,tcp,get,64,20000000,1273886,2.863,5.531,116.0,91.1,125.6,22.7
2,homa,set,1,800000,128159,0.487,0.647,141.6,84.9,257.7,47.4
2,tcp,set,1,800000,99856,0.615,1.199,147.0,94.8,245.1,49.0
2,homa,set,2,1600000,225225,0.551,0.743,142.3,87.7,237.3,43.9
2,tcp,set,2,1600000,180873,0.679,1.323,148.4,94.8,232.9,45.6
2,homa,set,4,3200000,384361,0.639,0.839,136.6,87.3,220.1,40.2
2,tcp,set,4,3200000,307522,0.787,1.543,142.7,94.9,209.4,40.4
2,homa,set,8,6400000,598872,0.807,1.035,129.0,87.8,191.3,34.7
2,tcp,set,8,6400000,498374,0.967,1.907,131.8,94.8,176.2,34.4
2,homa,set,16,12800000,827823,1.159,1.431,133.5,90.2,148.6,27.1
2,tcp,set,16,12800000,587783,1.647,3.223,122.4,94.2,153.3,27.6
2,homa,set,32,20000000,1042047,1.831,2.143,124.9,93.3,111.7,19.9
2,tcp,set,32,20000000,859891,2.191,4.323,115.7,90.5,118.5,21.0
2,homa,set,64,20000000,1163163,3.319,3.683,117.6,92.3,86.7,15.0
2,tcp,set,64,20000000,1083893,3.423,6.307,112.1,91.5,100.1,17.1
3,homa,get,1,800000,135003,0.455,0.623,131.0,77.9,266.4,48.8
3,tcp,get,1,800000,101202,0.607,1.183,145.3,94.8,254.7,51.2
3,homa,get,2,1600000,241628,0.511,0.711,145.2,88.7,256.0,48.0
3,tcp,get,2,1600000,190363,0.639,1.263,148.0,95.1,240.3,47.7
3,homa,get,4,3200000,409849,0.607,0.791,139.7,87.4,229.5,42.4
3,tcp,get,4,3200000,341506,0.711,1.399,145.1,94.7,226.6,44.7
3,homa,get,8,6400000,650357,0.751,0.975,131.5,87.7,201.8,36.9
3,tcp,get,8,6400000,546810,0.883,1.743,135.4,94.9,192.8,37.0
3,homa,get,16,12800000,993269,0.967,1.223,121.8,88.0,190.1,31.2
3,tcp,get,16,12800000,797508,1.183,2.275,144.4,95.8,182.4,34.8
3,homa,get,32,20000000,1279120,1.519,1.807,115.6,90.9,144.4,23.3
3,tcp,get,32,20000000,1038543,1.843,2.175,135.0,96.1,146.7,28.1
3,homa,get,64,20000000,1500600,2.587,2.971,116.1,91.7,104.1,17.1
3,tcp,get,64,20000000,1282462,2.831,5.435,116.2,91.1,122.9,22.6
3,homa,set,1,800000,139940,0.447,0.591,122.8,73.2,260.0,48.0
3,tcp,set,1,800000,98995,0.615,1.207,146.3,94.7,239.9,49.2
3,homa,set,2,1600000,229869,0.543,0.727,142.7,88.0,241.1,44.7
3,tcp,set,2,1600000,182878,0.663,1.303,145.4,94.9,228.0,46.3
3,homa,set,4,3200000,390244,0.631,0.831,136.3,88.1,224.6,41.0
3,tcp,set,4,3200000,314674,0.767,1.511,143.3,94.8,209.3,40.5
3,homa,set,8,6400000,609147,0.791,1.015,128.7,87.6,195.0,35.5
3,tcp,set,8,6400000,508956,0.947,1.871,135.1,95.4,179.3,34.5
3,homa,set,16,12800000,814301,1.179,1.455,130.8,88.8,149.0,27.1
3,tcp,set,16,12800000,600045,1.607,3.163,123.8,94.6,147.7,26.6
3,homa,set,32,20000000,1027921,1.847,2.183,125.4,93.4,111.8,20.2
3,tcp,set,32,20000000,845443,2.239,4.419,115.8,91.3,118.8,21.1
3,homa,set,64,20000000,1180272,3.271,3.671,120.7,94.7,89.3,15.6
3,tcp,set,64,20000000,1090141,3.379,6.363,111.4,91.0,99.7,16.9
