round,transport,endpoints,rate,secs,big_frac,sent,done,bad,small_p50_us,small_p99_us,small_p999_us,big_p50_us,big_p99_us,max_outstanding,lag_p99_us,lag_max_us,server_busy_sum,server_busy_max,clients,used_memory,mem_clients_normal,tcp_inuse,tcp_mem_pages,slab_kb,base_clients,base_used_memory,base_mem_clients_normal,base_tcp_inuse,base_tcp_mem_pages,base_slab_kb
1,homa,1,1000,10,0,9885,9885,0,151.2,234.0,368.2,nan,nan,4,11.2,187.5,20.1,8.5,2,2718408,2360,13,0,532508,1,2690504,0,13,0,532452
1,tcp,1,1000,10,0,9885,9885,0,151.3,248.3,498.5,nan,nan,4,5.9,205.8,20.4,9.5,2,2718296,2304,14,0,532524,1,2690504,0,13,0,532472
1,homa,1,1000,10,1,9885,9885,0,nan,nan,nan,488.7,870.6,5,128.8,533.1,66.5,18.2,2,4028896,2352,13,0,532740,1,2690504,0,13,0,532592
1,tcp,1,1000,10,1,9885,9885,0,nan,nan,nan,310.8,639.0,5,242.5,530.5,42.0,17.2,2,2718312,2304,14,0,532612,1,2690520,0,13,0,532656
2,homa,1,1000,10,0,9885,9885,0,162.7,233.4,365.9,nan,nan,4,10.5,222.9,20.4,8.4,2,2718408,2360,13,0,532544,1,2690504,0,13,0,532512
2,tcp,1,1000,10,0,9885,9885,0,147.4,229.6,394.9,nan,nan,4,9.0,189.3,20.4,9.7,2,2718296,2304,14,0,532440,1,2690504,0,13,0,532460
2,homa,1,1000,10,1,9885,9885,0,nan,nan,nan,477.0,850.7,5,127.8,598.7,66.5,18.7,2,4028896,2352,13,0,532540,1,2690504,0,13,0,532452
2,tcp,1,1000,10,1,9885,9885,0,nan,nan,nan,309.0,636.6,4,236.5,948.6,41.8,17.1,2,2718312,2304,14,0,532652,1,2690520,0,13,0,532560
3,homa,1,1000,10,0,9885,9885,0,144.3,229.7,398.1,nan,nan,4,8.1,634.8,20.4,8.6,2,2718408,2360,13,0,532708,1,2690504,0,13,0,532672
3,tcp,1,1000,10,0,9885,9885,0,175.9,253.3,397.6,nan,nan,4,13.4,804.1,20.6,9.6,2,2718472,2304,14,0,532720,1,2690504,0,13,0,532600
3,homa,1,1000,10,1,9885,9885,0,nan,nan,nan,467.0,846.6,5,121.1,453.4,69.1,19.4,2,4028896,2352,13,0,532604,1,2690504,0,13,0,532632
3,tcp,1,1000,10,1,9885,9885,0,nan,nan,nan,301.5,633.7,4,231.4,404.1,42.7,17.4,2,2718312,2304,14,0,532680,1,2690520,0,13,0,532752
