round,transport,endpoints,rate,secs,big_frac,sent,done,bad,small_p50_us,small_p99_us,small_p999_us,big_p50_us,big_p99_us,max_outstanding,lag_p99_us,lag_max_us
1,tcp,1,10000,10,0.01,99701,99701,0,36.3,229.7,400.9,278.1,547.1,11,64.3,314.1
1,tcp,2,10000,10,0.01,99701,99701,0,48.3,255.6,432.8,298.4,551.1,6,53.8,387.7
1,tcp,4,10000,10,0.01,99701,99701,0,108.4,321.1,482.7,367.7,579.7,4,65.1,356.4
1,tcp,16,10000,10,0.01,99701,99701,0,103.8,319.0,504.3,355.8,576.1,1,69.4,365.6
1,tcp,64,10000,10,0.01,99701,99701,0,99.7,343.4,549.6,381.1,725.1,3,87.0,750.0
1,homa,1,10000,10,0.01,99701,99701,0,41.0,250.9,411.0,414.7,679.6,11,43.3,303.6
1,tcp,1,20000,10,0.01,200165,200165,0,32.4,248.9,377.6,281.3,472.9,16,107.0,338.7
1,tcp,2,20000,10,0.01,200170,200170,0,34.3,272.7,424.9,287.7,496.3,14,115.3,853.1
1,tcp,4,20000,10,0.01,200170,200170,0,47.9,318.0,480.2,302.2,538.2,6,134.1,447.7
1,tcp,16,20000,10,0.01,200170,200170,0,89.1,360.5,555.0,335.5,626.9,2,109.6,271.7
1,tcp,64,20000,10,0.01,200170,200170,0,81.3,366.7,557.2,343.6,610.5,6,131.9,488.8
1,homa,1,20000,10,0.01,200170,200170,0,33.2,274.2,409.2,397.2,636.1,19,86.7,445.8
1,tcp,1,40000,10,0.01,400051,400051,0,37.6,295.3,463.8,289.0,546.2,35,168.0,546.4
1,tcp,2,40000,10,0.01,400051,400051,0,40.1,334.8,531.3,296.0,579.4,21,164.6,555.8
1,tcp,4,40000,10,0.01,400051,400051,0,42.5,377.5,584.4,313.5,611.7,11,167.9,577.7
1,tcp,16,40000,10,0.01,400051,400051,0,81.5,456.1,708.3,326.0,695.6,4,167.0,714.2
1,tcp,64,40000,10,0.01,400051,400051,0,85.1,551.2,879.5,353.9,836.1,7,188.6,873.2
1,homa,1,40000,10,0.01,400051,400051,0,33.0,353.7,550.0,385.1,689.2,45,155.8,1001.8
1,tcp,1,60000,10,0.01,599978,599978,0,39.7,364.8,560.0,286.7,619.7,53,184.2,1078.3
1,tcp,2,60000,10,0.01,599978,599978,0,47.7,433.7,692.0,301.3,708.4,42,191.8,1218.9
1,tcp,4,60000,10,0.01,599978,599978,0,50.7,503.2,784.1,315.2,781.2,16,196.1,709.8
1,tcp,16,60000,10,0.01,599978,599978,0,108.2,735.4,1107.3,371.9,1029.0,8,234.3,786.4
1,tcp,64,60000,10,0.01,599978,599978,0,144.2,870.4,1260.6,413.6,1149.1,8,243.0,729.7
1,homa,1,60000,10,0.01,599978,599978,0,52.8,558.9,810.9,413.7,871.2,87,198.8,687.2
1,tcp,1,80000,10,0.01,800159,800159,0,44.6,461.3,745.6,270.7,751.1,102,237.9,1093.5
1,tcp,2,80000,10,0.01,800167,800167,0,57.0,566.6,900.0,309.0,848.7,49,231.3,1263.2
1,tcp,4,80000,10,0.01,800167,800167,0,90.6,757.0,1164.9,377.3,1079.7,26,273.5,949.3
1,tcp,16,80000,10,0.01,800167,800167,0,323.0,1383.5,1900.9,610.4,1713.2,21,511.6,1220.9
1,tcp,64,80000,10,0.01,800167,800167,0,665.6,2435.1,3333.0,959.3,2710.7,22,765.6,2029.6
1,homa,1,80000,10,0.01,800167,314806,0,556321.6,1763280.3,2363979.2,523497.2,1464074.3,485361,1188769.7,1278329.6
1,tcp,1,5000,10,0.1,49763,49763,0,63.7,386.6,537.9,310.2,604.0,11,153.5,534.3
1,tcp,2,5000,10,0.1,49763,49763,0,108.5,433.5,627.4,340.0,633.3,6,148.9,965.9
1,tcp,4,5000,10,0.1,49763,49763,0,105.9,467.2,691.6,360.0,698.5,3,145.8,990.2
1,tcp,16,5000,10,0.1,49763,49763,0,123.8,505.2,748.7,382.1,752.2,1,179.5,895.8
1,tcp,64,5000,10,0.1,49763,49763,0,117.5,474.0,682.3,373.6,729.0,2,166.6,852.3
1,homa,1,5000,10,0.1,49763,49763,0,75.1,391.9,627.4,480.3,803.9,13,92.5,1303.9
1,tcp,1,10000,10,0.1,99701,99701,0,49.1,440.2,617.9,296.2,656.5,15,238.6,505.1
1,tcp,2,10000,10,0.1,99701,99701,0,69.1,479.2,700.2,296.6,725.4,8,194.1,556.8
1,tcp,4,10000,10,0.1,99701,99701,0,106.9,557.1,790.4,368.1,791.2,5,185.6,461.2
1,tcp,16,10000,10,0.1,99701,99701,0,110.5,618.0,897.7,364.2,870.7,2,184.6,875.7
1,tcp,64,10000,10,0.1,99701,99701,0,112.2,656.6,990.9,381.7,917.6,2,216.4,931.7
1,homa,1,10000,10,0.1,99701,99701,0,56.1,469.7,671.6,436.7,817.3,17,179.0,676.5
1,tcp,1,15000,10,0.1,150024,150024,0,46.8,538.7,787.2,289.4,745.6,35,300.2,531.7
1,tcp,2,15000,10,0.1,150024,150024,0,55.7,586.6,887.7,282.5,813.9,12,245.3,670.8
1,tcp,4,15000,10,0.1,150024,150024,0,112.0,653.5,947.7,343.9,913.6,7,228.7,625.4
1,tcp,16,15000,10,0.1,150024,150024,0,125.7,767.9,1150.2,371.1,1016.1,2,213.7,902.5
1,tcp,64,15000,10,0.1,150024,150024,0,124.8,842.7,1208.2,386.5,1086.8,3,238.5,714.7
1,homa,1,15000,10,0.1,150022,150022,0,73.8,618.5,913.1,436.4,934.1,28,284.6,1057.6
1,tcp,1,20000,10,0.1,200166,200166,0,72.0,725.5,1097.8,314.6,964.6,38,343.9,654.9
1,tcp,2,20000,10,0.1,200170,200170,0,89.8,786.1,1203.3,332.5,1085.0,20,332.3,1368.5
1,tcp,4,20000,10,0.1,200170,200170,0,155.0,924.8,1459.0,401.8,1222.3,11,340.1,1270.2
1,tcp,16,20000,10,0.1,200170,200170,0,189.7,998.6,1461.2,419.0,1270.9,5,259.1,939.3
1,tcp,64,20000,10,0.1,200170,200170,0,207.2,1186.5,1882.3,456.0,1483.4,6,363.3,1344.6
1,homa,1,20000,10,0.1,200170,200170,0,129.6,849.6,1259.2,464.5,1171.9,43,451.7,1087.1
1,tcp,1,30000,10,0.1,300208,300208,0,239.0,1465.5,2115.4,467.9,1665.5,85,428.7,768.5
1,tcp,2,30000,10,0.1,300208,300208,0,294.5,1857.5,2904.8,539.9,2307.3,49,655.1,1439.1
1,tcp,4,30000,10,0.1,300208,300208,0,539.2,3725.9,6420.3,867.6,4771.2,42,1272.2,2542.8
1,tcp,16,30000,10,0.1,300208,300208,0,500.1,2583.8,3867.3,757.5,3087.9,17,925.7,2703.3
1,tcp,64,30000,10,0.1,300208,300208,0,645.0,5109.6,8968.3,898.4,5755.7,15,1712.5,5247.8
1,homa,1,30000,10,0.1,300208,300208,0,414.2,1616.3,2124.6,713.1,1888.4,152,660.6,1295.6
2,tcp,1,10000,10,0.01,99701,99701,0,41.3,240.6,424.0,291.1,546.6,13,49.8,372.0
2,tcp,2,10000,10,0.01,99701,99701,0,54.9,263.7,429.7,290.0,559.1,5,71.5,350.5
2,tcp,4,10000,10,0.01,99701,99701,0,75.4,284.1,456.1,317.2,565.8,4,67.5,444.6
2,tcp,16,10000,10,0.01,99701,99701,0,103.8,325.0,506.2,358.3,587.6,1,72.7,262.9
2,tcp,64,10000,10,0.01,99701,99701,0,100.8,352.3,579.5,375.2,747.5,3,85.5,485.2
2,homa,1,10000,10,0.01,99701,99701,0,41.8,248.6,396.7,422.3,682.8,12,35.8,387.8
2,tcp,1,20000,10,0.01,200170,200170,0,33.7,248.8,373.9,281.2,488.9,18,111.2,362.6
2,tcp,2,20000,10,0.01,200170,200170,0,37.1,285.2,433.8,298.6,502.5,9,113.3,379.5
2,tcp,4,20000,10,0.01,200170,200170,0,45.4,319.4,488.8,322.3,557.0,5,125.4,354.2
2,tcp,16,20000,10,0.01,200170,200170,0,89.4,348.0,534.4,326.6,591.0,2,112.6,283.4
2,tcp,64,20000,10,0.01,200170,200170,0,82.8,369.1,545.2,343.1,601.9,5,130.3,448.9
2,homa,1,20000,10,0.01,200170,200170,0,30.1,249.4,390.5,397.8,620.9,17,56.2,415.3
2,tcp,1,40000,10,0.01,400051,400051,0,32.8,428.9,724.1,339.6,823.8,50,239.1,750.1
2,tcp,2,40000,10,0.01,400051,400051,0,36.6,311.4,524.7,262.2,542.8,31,175.5,1246.5
2,tcp,4,40000,10,0.01,400051,400051,0,44.3,379.4,601.4,289.6,616.9,14,180.6,947.3
2,tcp,16,40000,10,0.01,400051,400051,0,83.9,489.9,743.9,335.8,749.7,4,180.5,607.8
2,tcp,64,40000,10,0.01,400051,400051,0,82.6,509.6,820.9,340.6,777.2,10,180.4,1204.4
2,homa,1,40000,10,0.01,400051,400051,0,35.9,384.6,599.6,412.4,742.1,51,115.2,627.7
2,tcp,1,60000,10,0.01,599978,599978,0,40.2,379.9,603.9,292.8,652.2,87,191.3,657.3
2,tcp,2,60000,10,0.01,599978,599978,0,54.4,603.4,1003.1,364.7,995.4,39,287.3,906.8
2,tcp,4,60000,10,0.01,599978,599978,0,55.3,502.4,770.8,307.6,768.9,16,194.7,695.6
2,tcp,16,60000,10,0.01,599978,599978,0,111.1,766.6,1152.0,408.4,1072.2,7,262.2,883.4
2,tcp,64,60000,10,0.01,599978,599978,0,118.4,843.8,1281.1,396.8,1133.3,14,251.0,870.2
2,homa,1,60000,10,0.01,599978,599978,0,97.6,908.6,1289.4,481.6,1222.6,181,182.9,613.8
2,tcp,1,80000,10,0.01,800167,800167,0,47.2,480.2,782.3,303.3,776.3,95,255.8,928.6
2,tcp,2,80000,10,0.01,800167,800167,0,62.2,606.3,947.7,324.6,926.2,55,259.3,827.6
2,tcp,4,80000,10,0.01,800167,800167,0,92.7,815.0,1220.5,382.3,1106.5,29,307.6,1022.0
2,tcp,16,80000,10,0.01,800167,800167,0,330.8,1379.3,1882.0,617.0,1718.2,20,504.0,1296.8
2,tcp,64,80000,10,0.01,800167,800167,0,763.5,2560.6,3615.4,1097.7,3009.4,25,830.6,2324.9
2,homa,1,80000,10,0.01,800167,800167,0,261572.1,1383576.4,1385500.9,262186.0,1383728.0,97485,445.2,2332.3
2,tcp,1,5000,10,0.1,49763,49763,0,65.0,393.6,547.9,312.1,610.8,9,152.3,501.5
2,tcp,2,5000,10,0.1,49763,49763,0,94.3,428.1,617.2,348.5,699.1,6,130.1,377.0
2,tcp,4,5000,10,0.1,49763,49763,0,111.6,472.2,684.1,360.5,688.5,4,139.6,553.9
2,tcp,16,5000,10,0.1,49763,49763,0,119.4,475.0,687.6,365.7,711.8,1,163.1,930.6
2,tcp,64,5000,10,0.1,49763,49763,0,112.9,494.6,722.4,373.1,771.2,2,168.4,641.4
2,homa,1,5000,10,0.1,49763,49763,0,75.1,388.7,583.3,478.1,798.5,11,98.6,579.8
2,tcp,1,10000,10,0.1,99701,99701,0,46.9,428.2,611.2,287.6,652.5,13,225.4,572.7
2,tcp,2,10000,10,0.1,99701,99701,0,67.0,490.3,715.8,312.6,694.9,9,189.2,520.0
2,tcp,4,10000,10,0.1,99701,99701,0,82.1,543.8,786.3,340.1,767.1,5,171.4,449.4
2,tcp,16,10000,10,0.1,99701,99701,0,111.2,586.0,839.5,358.2,823.9,2,185.0,402.9
2,tcp,64,10000,10,0.1,99701,99701,0,112.5,634.4,979.6,379.8,908.7,3,201.5,508.0
2,homa,1,10000,10,0.1,99701,99701,0,58.1,482.2,686.3,438.1,830.8,16,191.3,797.4
2,tcp,1,15000,10,0.1,150024,150024,0,50.4,541.8,804.9,294.8,752.2,28,301.3,549.4
2,tcp,2,15000,10,0.1,150023,150023,0,71.9,628.6,958.9,336.6,877.1,14,261.5,861.2
2,tcp,4,15000,10,0.1,150024,150024,0,101.0,673.4,995.0,348.6,923.8,8,225.1,871.0
2,tcp,16,15000,10,0.1,150024,150024,0,124.5,782.2,1150.5,373.6,1028.1,3,210.2,598.4
2,tcp,64,15000,10,0.1,150024,150024,0,129.1,844.4,1276.6,396.6,1124.1,2,246.8,912.9
2,homa,1,15000,10,0.1,150022,150022,0,70.4,602.2,865.9,435.4,931.5,27,291.1,921.3
2,tcp,1,20000,10,0.1,200167,200167,0,66.4,714.8,1090.8,306.4,958.9,40,338.0,614.4
2,tcp,2,20000,10,0.1,200170,200170,0,100.4,828.9,1267.5,347.4,1125.0,23,347.1,875.4
2,tcp,4,20000,10,0.1,200170,200170,0,130.7,843.7,1237.1,376.0,1143.6,10,307.2,821.8
2,tcp,16,20000,10,0.1,200170,200170,0,193.4,1072.5,1563.6,429.4,1404.5,5,328.4,937.1
2,tcp,64,20000,10,0.1,200165,200165,0,204.5,1173.7,1790.6,453.4,1467.1,5,352.9,1136.9
2,homa,1,20000,10,0.1,200170,200170,0,123.9,832.3,1230.6,458.4,1155.3,37,425.8,1217.9
2,tcp,1,30000,10,0.1,300204,300204,0,233.2,1434.6,2031.3,461.9,1639.1,82,426.4,1009.3
2,tcp,2,30000,10,0.1,300208,300208,0,566.6,4120.7,5970.2,906.6,4647.4,90,1036.8,1620.0
2,tcp,4,30000,10,0.1,300208,300208,0,593.8,7229.1,16746.3,926.5,8810.6,107,1590.9,3191.6
2,tcp,16,30000,10,0.1,300208,300208,0,505.3,2840.6,4304.5,769.0,3433.2,18,1044.5,2690.6
2,tcp,64,30000,10,0.1,300208,300208,0,786.5,8584.7,17390.6,1061.2,9734.0,18,2790.8,11094.8
2,homa,1,30000,10,0.1,300208,300208,0,401.5,1640.8,2144.8,696.4,1922.4,136,665.8,1219.7
3,tcp,1,10000,10,0.01,99701,99701,0,42.3,236.6,397.1,293.3,533.5,13,48.6,415.7
3,tcp,2,10000,10,0.01,99701,99701,0,51.9,258.0,425.1,284.6,518.8,6,66.0,376.5
3,tcp,4,10000,10,0.01,99701,99701,0,99.1,310.5,479.7,347.8,581.6,3,64.9,242.4
3,tcp,16,10000,10,0.01,99701,99701,0,98.8,325.3,501.1,360.5,574.2,1,72.8,349.1
3,tcp,64,10000,10,0.01,99701,99701,0,100.8,343.9,526.9,380.3,666.6,3,89.1,484.1
3,homa,1,10000,10,0.01,99701,99701,0,42.6,250.8,389.2,425.9,699.2,11,38.2,299.6
3,tcp,1,20000,10,0.01,200170,200170,0,32.1,248.2,368.5,279.2,473.5,19,108.1,352.6
3,tcp,2,20000,10,0.01,200170,200170,0,37.9,267.1,407.8,269.3,505.8,9,125.8,371.3
3,tcp,4,20000,10,0.01,200170,200170,0,51.5,329.9,473.9,336.9,550.6,6,117.6,381.3
3,tcp,16,20000,10,0.01,200170,200170,0,87.5,357.3,534.9,330.4,617.9,2,126.7,362.7
3,tcp,64,20000,10,0.01,200170,200170,0,81.5,365.4,557.8,341.2,612.7,4,125.5,549.6
3,homa,1,20000,10,0.01,200170,200170,0,31.5,265.4,402.3,404.4,638.7,17,73.8,462.2
3,tcp,1,40000,10,0.01,400051,400051,0,36.7,290.8,454.8,285.8,538.0,30,163.2,420.4
3,tcp,2,40000,10,0.01,400051,400051,0,40.0,336.2,526.0,298.2,579.1,17,162.5,430.9
3,tcp,4,40000,10,0.01,400051,400051,0,40.5,369.7,574.3,314.2,612.2,11,160.2,444.8
3,tcp,16,40000,10,0.01,400051,400051,0,80.8,496.2,767.1,358.3,772.6,4,161.8,610.6
3,tcp,64,40000,10,0.01,400051,400051,0,83.8,517.8,819.1,339.5,816.8,5,182.7,780.2
3,homa,1,40000,10,0.01,400051,400051,0,37.9,406.0,610.7,417.5,767.2,55,114.0,1399.5
3,tcp,1,60000,10,0.01,599978,599978,0,39.4,369.6,603.7,284.9,634.6,134,194.1,1327.9
3,tcp,2,60000,10,0.01,599978,599978,0,49.1,450.6,719.4,309.3,742.4,29,190.4,959.2
3,tcp,4,60000,10,0.01,599978,599978,0,49.8,522.0,819.7,290.2,804.1,16,210.8,773.9
3,tcp,16,60000,10,0.01,599978,599978,0,111.3,851.4,1249.9,412.3,1184.6,8,285.8,853.7
3,tcp,64,60000,10,0.01,599978,599978,0,129.7,853.3,1270.8,401.4,1138.7,18,250.8,950.7
3,homa,1,60000,10,0.01,599978,599978,0,64.2,722.0,1015.2,446.2,1049.4,155,164.6,547.1
3,tcp,1,80000,10,0.01,800152,800152,0,47.9,478.9,775.4,304.6,758.8,103,257.3,795.3
3,tcp,2,80000,10,0.01,800167,800167,0,57.6,557.5,892.5,314.6,868.4,58,237.4,711.8
3,tcp,4,80000,10,0.01,800167,800167,0,80.4,706.5,1094.7,322.3,1012.8,23,278.0,903.1
3,tcp,16,80000,10,0.01,800167,800167,0,346.1,1421.0,1960.5,658.5,1705.0,20,526.1,1291.1
3,tcp,64,80000,10,0.01,800167,800167,0,712.2,2621.7,3479.4,1016.3,2938.2,20,868.6,2036.5
3,homa,1,80000,10,0.01,800167,800167,0,32546.6,69335.5,70141.3,33005.5,69484.8,5673,294.4,725.9
3,tcp,1,5000,10,0.1,49763,49763,0,64.5,390.4,546.5,311.2,607.3,12,152.7,474.0
3,tcp,2,5000,10,0.1,49763,49763,0,99.3,421.5,611.2,316.9,627.0,6,153.6,586.6
3,tcp,4,5000,10,0.1,49763,49763,0,119.3,443.4,635.9,348.4,659.9,3,151.0,652.5
3,tcp,16,5000,10,0.1,49763,49763,0,125.2,473.4,701.2,360.3,700.1,1,151.7,628.3
3,tcp,64,5000,10,0.1,49763,49763,0,117.8,490.4,721.3,378.7,703.3,1,170.3,624.4
3,homa,1,5000,10,0.1,49763,49763,0,69.0,393.9,559.6,462.3,793.6,11,95.2,380.8
3,tcp,1,10000,10,0.1,99701,99701,0,48.6,437.4,604.5,293.5,652.8,15,231.7,435.7
3,tcp,2,10000,10,0.1,99701,99701,0,65.3,493.5,722.1,313.9,719.7,8,189.8,496.6
3,tcp,4,10000,10,0.1,99701,99701,0,113.9,561.7,804.8,360.8,811.9,4,189.6,441.5
3,tcp,16,10000,10,0.1,99701,99701,0,115.5,627.0,917.5,364.7,880.4,2,183.1,403.5
3,tcp,64,10000,10,0.1,99701,99701,0,113.2,686.4,1010.0,391.9,944.4,3,235.3,614.6
3,homa,1,10000,10,0.1,99701,99701,0,56.0,488.7,728.8,436.7,840.6,18,191.8,755.2
3,tcp,1,15000,10,0.1,150024,150024,0,49.2,561.1,844.3,299.5,775.9,24,311.5,843.1
3,tcp,2,15000,10,0.1,150024,150024,0,65.6,623.4,971.1,302.6,883.5,14,272.4,866.4
3,tcp,4,15000,10,0.1,150024,150024,0,91.9,672.5,1001.1,351.5,931.6,6,218.2,900.8
3,tcp,16,15000,10,0.1,150024,150024,0,123.3,784.1,1187.3,374.2,1039.8,3,245.9,893.7
3,tcp,64,15000,10,0.1,150024,150024,0,129.9,855.1,1302.8,396.5,1131.3,5,258.1,863.4
3,homa,1,15000,10,0.1,150024,150024,0,70.7,606.8,912.0,432.2,937.8,22,303.1,836.1
3,tcp,1,20000,10,0.1,200169,200169,0,75.3,719.1,1079.0,337.0,962.2,40,320.6,938.8
3,tcp,2,20000,10,0.1,200165,200165,0,100.3,804.1,1222.2,339.8,1085.8,22,337.0,859.0
3,tcp,4,20000,10,0.1,200170,200170,0,141.1,881.4,1302.7,382.4,1186.8,12,333.6,1136.9
3,tcp,16,20000,10,0.1,200170,200170,0,183.2,1004.7,1471.4,418.3,1269.1,5,261.9,993.9
3,tcp,64,20000,10,0.1,200170,200170,0,206.9,1140.9,1681.8,446.1,1410.2,4,309.2,1270.7
3,homa,1,20000,10,0.1,200170,200170,0,128.0,832.8,1218.0,462.5,1160.7,43,440.8,1220.0
3,tcp,1,30000,10,0.1,300203,300203,0,254.0,1530.9,2134.8,485.7,1734.5,94,428.7,799.1
3,tcp,2,30000,10,0.1,300208,300208,0,266.5,1556.6,2341.6,506.9,1911.9,43,557.9,1205.0
3,tcp,4,30000,10,0.1,300208,300208,0,403.1,2232.8,3371.0,677.9,2861.0,31,848.3,1721.0
3,tcp,16,30000,10,0.1,300208,300208,0,449.8,2479.5,3696.8,693.0,2962.6,16,884.8,2540.4
3,tcp,64,30000,10,0.1,300208,300208,0,1093.0,30719.8,43089.8,1381.8,36437.7,22,12450.2,22010.2
3,homa,1,30000,10,0.1,300208,300208,0,406.6,1618.0,2042.7,723.3,1945.5,149,682.0,1400.3
