round,transport,clients,rate,secs,big_frac,sent,done,bad,small_p50_us,small_p99_us,small_p999_us,big_p50_us,big_p99_us,lag_p99_us
1,tcp,4,10000,10,0.01,99733,99733,0,64.5,237.8,381.9,325.5,510.5,16.0
1,tcp,8,10000,10,0.01,99012,99012,0,70.7,243.0,408.8,323.8,518.6,13.6
1,tcp,16,10000,10,0.01,100148,100148,0,72.4,238.2,402.5,337.6,507.2,2.3
1,tcp,4,20000,10,0.01,199677,199677,0,43.2,240.1,385.2,269.1,466.5,16.9
1,tcp,8,20000,10,0.01,199155,199155,0,61.0,250.2,390.9,305.3,489.5,14.5
1,tcp,16,20000,10,0.01,199413,199413,0,61.8,253.3,397.8,326.2,554.1,4.1
1,tcp,4,40000,10,0.01,398967,398967,0,39.5,263.4,408.5,270.3,475.1,79.2
1,tcp,8,40000,10,0.01,399256,399256,0,41.9,262.7,410.9,273.1,487.0,15.4
1,tcp,16,40000,10,0.01,399216,399216,0,48.1,300.3,473.5,311.4,562.9,11.5
1,tcp,4,60000,10,0.01,599669,599669,0,32.3,262.0,403.9,258.8,484.6,106.0
1,tcp,8,60000,10,0.01,599070,599070,0,38.9,280.7,434.2,284.6,525.0,35.0
1,tcp,16,60000,10,0.01,599179,599179,0,50.8,347.8,538.1,311.9,653.7,36.2
1,tcp,4,80000,10,0.01,799127,799127,0,38.2,302.3,461.6,264.3,544.3,112.8
1,tcp,8,80000,10,0.01,798372,798372,0,45.7,340.5,509.3,305.8,586.6,19.2
1,tcp,16,80000,10,0.01,799209,799209,0,60.3,403.1,601.0,316.8,684.1,50.0
1,tcp,4,5000,10,0.1,49398,49398,0,102.0,364.6,526.4,314.1,582.5,58.4
1,tcp,8,5000,10,0.1,49668,49668,0,94.8,393.7,579.2,321.8,629.4,17.1
1,tcp,16,5000,10,0.1,50137,50137,0,85.1,372.6,556.7,351.9,649.9,18.5
1,tcp,4,10000,10,0.1,99733,99733,0,95.0,420.2,625.2,295.9,663.1,109.7
1,tcp,8,10000,10,0.1,99012,99012,0,79.7,423.2,625.3,321.8,703.7,19.2
1,tcp,16,10000,10,0.1,100148,100148,0,82.2,453.3,675.7,343.8,744.9,62.8
1,tcp,4,15000,10,0.1,149450,149450,0,64.7,522.2,830.0,312.8,872.6,225.0
1,tcp,8,15000,10,0.1,148710,148710,0,69.3,474.0,696.5,314.7,751.1,110.9
1,tcp,16,15000,10,0.1,149470,149470,0,82.0,544.4,853.7,338.3,849.3,101.3
1,tcp,4,20000,10,0.1,199677,199677,0,87.8,530.9,809.1,293.7,824.3,138.6
1,tcp,8,20000,10,0.1,199155,199155,0,78.9,590.3,874.3,345.7,939.5,179.8
1,tcp,16,20000,10,0.1,199413,199413,0,85.0,650.7,1008.0,345.6,988.3,148.7
1,tcp,4,30000,10,0.1,299501,299501,0,113.3,802.3,1249.9,330.9,1196.9,189.9
1,tcp,8,30000,10,0.1,299043,299043,0,128.4,872.6,1307.2,388.0,1322.9,174.5
1,tcp,16,30000,10,0.1,298549,298549,0,132.1,968.3,1496.1,427.7,1468.5,191.2
2,tcp,4,10000,10,0.01,99733,99733,0,57.4,228.7,392.8,272.3,490.2,15.9
2,tcp,8,10000,10,0.01,99012,99012,0,74.3,249.8,403.6,333.5,507.7,12.9
2,tcp,16,10000,10,0.01,100148,100148,0,78.5,242.9,406.6,347.6,549.5,2.3
2,tcp,4,20000,10,0.01,199677,199677,0,46.7,247.0,379.0,267.1,453.4,19.8
2,tcp,8,20000,10,0.01,199155,199155,0,59.5,250.1,394.7,312.5,519.5,14.6
2,tcp,16,20000,10,0.01,199413,199413,0,62.2,252.9,396.3,323.2,565.7,3.8
2,tcp,4,40000,10,0.01,398967,398967,0,31.5,242.4,379.7,253.9,455.8,78.2
2,tcp,8,40000,10,0.01,399256,399256,0,40.7,260.6,402.1,292.0,550.5,19.6
2,tcp,16,40000,10,0.01,399216,399216,0,44.4,277.4,449.8,302.5,542.9,11.8
2,tcp,4,60000,10,0.01,599669,599669,0,32.4,257.2,397.1,251.8,472.4,98.5
2,tcp,8,60000,10,0.01,599070,599070,0,40.8,283.8,452.0,275.3,557.2,62.7
2,tcp,16,60000,10,0.01,599178,599178,0,48.3,351.8,551.0,319.4,683.9,46.1
2,tcp,4,80000,10,0.01,799127,799127,0,34.1,266.5,405.2,258.2,501.0,61.4
2,tcp,8,80000,10,0.01,798372,798372,0,58.6,390.8,576.5,304.3,652.1,44.1
2,tcp,16,80000,10,0.01,799209,799209,0,56.3,411.1,624.0,336.9,768.6,73.1
2,tcp,4,5000,10,0.1,49398,49398,0,98.4,372.6,532.4,296.3,609.3,63.5
2,tcp,8,5000,10,0.1,49668,49668,0,93.5,366.9,554.0,331.0,619.7,19.8
2,tcp,16,5000,10,0.1,50137,50137,0,93.2,373.9,560.1,350.8,658.8,17.2
2,tcp,4,10000,10,0.1,99733,99733,0,71.0,422.6,633.4,321.6,683.4,155.0
2,tcp,8,10000,10,0.1,99012,99012,0,79.9,449.4,667.2,298.4,710.2,75.8
2,tcp,16,10000,10,0.1,100148,100148,0,84.5,460.2,693.9,354.4,764.6,69.5
2,tcp,4,15000,10,0.1,149450,149450,0,54.1,437.5,655.9,267.2,719.6,136.9
2,tcp,8,15000,10,0.1,148710,148710,0,78.4,467.4,680.2,303.8,753.8,100.3
2,tcp,16,15000,10,0.1,149470,149470,0,75.9,533.4,794.6,337.5,819.9,114.2
2,tcp,4,20000,10,0.1,199677,199677,0,80.7,553.0,820.3,288.1,851.6,151.3
2,tcp,8,20000,10,0.1,199155,199155,0,76.2,596.0,890.8,330.0,940.1,147.0
2,tcp,16,20000,10,0.1,199413,199413,0,80.6,611.1,916.9,335.3,947.4,147.8
2,tcp,4,30000,10,0.1,299501,299501,0,114.1,769.1,1226.6,320.2,1162.1,191.9
2,tcp,8,30000,10,0.1,299043,299043,0,117.5,815.3,1280.6,344.0,1245.3,140.2
2,tcp,16,30000,10,0.1,298549,298549,0,122.8,896.1,1343.4,383.8,1311.6,188.6
3,tcp,4,10000,10,0.01,99733,99733,0,80.9,247.0,394.0,317.2,522.3,16.3
3,tcp,8,10000,10,0.01,99012,99012,0,64.6,236.4,395.4,305.2,505.3,13.1
3,tcp,16,10000,10,0.01,100148,100148,0,71.6,239.5,389.4,335.1,545.4,2.3
3,tcp,4,20000,10,0.01,199677,199677,0,46.2,246.2,370.5,268.6,456.9,20.5
3,tcp,8,20000,10,0.01,199155,199155,0,54.6,252.2,393.9,306.7,518.1,13.7
3,tcp,16,20000,10,0.01,199413,199413,0,63.3,261.0,404.9,318.1,522.6,3.9
3,tcp,4,40000,10,0.01,398967,398967,0,32.9,253.7,374.2,264.4,456.7,75.5
3,tcp,8,40000,10,0.01,399256,399256,0,42.1,269.1,425.3,288.4,541.9,15.5
3,tcp,16,40000,10,0.01,399216,399216,0,46.3,284.2,456.5,305.5,545.1,7.8
3,tcp,4,60000,10,0.01,599668,599668,0,34.9,268.1,415.8,263.4,491.5,103.7
3,tcp,8,60000,10,0.01,599070,599070,0,41.8,295.0,458.5,279.3,535.8,35.8
3,tcp,16,60000,10,0.01,599179,599179,0,56.1,365.5,557.9,319.0,687.9,31.1
3,tcp,4,80000,10,0.01,799127,799127,0,39.2,305.5,470.0,268.3,548.5,110.5
3,tcp,8,80000,10,0.01,798372,798372,0,44.7,322.0,489.8,282.5,588.2,58.1
3,tcp,16,80000,10,0.01,799209,799209,0,60.0,436.8,645.7,327.2,733.0,66.6
3,tcp,4,5000,10,0.1,49398,49398,0,96.0,369.5,510.5,311.3,592.3,43.8
3,tcp,8,5000,10,0.1,49668,49668,0,83.3,362.6,523.2,323.4,617.8,21.0
3,tcp,16,5000,10,0.1,50137,50137,0,92.2,381.5,577.0,344.6,641.3,12.1
3,tcp,4,10000,10,0.1,99733,99733,0,76.3,430.2,643.9,286.4,677.2,106.7
3,tcp,8,10000,10,0.1,99012,99012,0,68.7,425.9,636.6,303.1,702.8,95.2
3,tcp,16,10000,10,0.1,100148,100148,0,84.1,456.7,686.5,341.4,733.3,68.8
3,tcp,4,15000,10,0.1,149450,149450,0,90.9,477.0,700.2,294.6,747.7,134.3
3,tcp,8,15000,10,0.1,148710,148710,0,79.0,492.3,768.7,312.8,793.4,89.7
3,tcp,16,15000,10,0.1,149470,149470,0,78.4,514.4,762.8,335.0,819.2,79.7
3,tcp,4,20000,10,0.1,199677,199677,0,69.8,514.3,777.3,307.8,823.5,122.7
3,tcp,8,20000,10,0.1,199155,199155,0,82.8,596.9,881.2,325.7,913.2,105.2
3,tcp,16,20000,10,0.1,199413,199413,0,80.4,629.2,943.0,340.9,956.4,142.6
3,tcp,4,30000,10,0.1,299501,299501,0,112.8,770.4,1248.3,334.1,1158.9,160.6
3,tcp,8,30000,10,0.1,299043,299043,0,117.5,822.5,1241.1,351.8,1236.0,154.7
3,tcp,16,30000,10,0.1,298549,298549,0,135.0,970.1,1424.5,401.2,1386.8,179.0
