round,transport,endpoints,rate,secs,big_frac,sent,done,bad,small_p50_us,small_p99_us,small_p999_us,big_p50_us,big_p99_us,max_outstanding,lag_p99_us,lag_max_us,server_busy_sum,server_busy_max,syscalls,recvmsg,sendmsg,read,write,writev,epoll_wait
1,homa,1,10000,10,0,99701,99701,0,40.8,197.7,299.7,nan,nan,10,13.9,257.6,43.2,28.7,150933,72420,39985,40,0,0,38408
1,tcp,1,10000,10,0,99701,99701,0,41.1,204.5,276.6,nan,nan,12,15.0,215.8,43.2,30.5,99794,0,0,33264,33224,0,33228
1,homa,1,20000,10,0,200170,200170,0,28.6,125.4,259.1,nan,nan,13,13.0,211.1,54.9,38.9,301002,144419,80718,40,0,0,75745
1,tcp,1,20000,10,0,200170,200170,0,33.3,94.4,243.2,nan,nan,14,14.3,255.7,56.1,44.0,198880,0,0,66294,66253,1,66255
1,homa,1,40000,10,0,400051,400051,0,29.4,120.4,280.0,nan,nan,23,15.1,250.0,80.9,58.9,574384,272804,161579,40,0,0,139881
1,tcp,1,40000,10,0,400051,400051,0,35.3,82.4,249.0,nan,nan,20,18.4,242.3,83.5,65.2,341477,0,0,113825,113784,1,113789
1,homa,1,60000,10,0,599978,599978,0,36.6,253.6,526.3,nan,nan,67,22.6,257.6,106.4,76.5,798186,374852,241422,40,0,0,181792
1,tcp,1,60000,10,0,599978,599978,0,37.1,85.7,262.1,nan,nan,30,18.7,271.6,101.4,78.4,436396,0,0,145464,145424,0,145427
1,homa,1,80000,10,0,800167,800167,0,53.6,975.7,1866.3,nan,nan,436,32.1,256.3,126.1,87.1,992982,461998,321923,40,0,0,208940
1,tcp,1,80000,10,0,800167,800167,0,41.2,102.5,288.1,nan,nan,40,26.3,247.1,113.8,86.2,482461,0,0,160820,160779,2,160782
2,homa,1,10000,10,0,99701,99701,0,36.5,185.2,273.1,nan,nan,9,8.1,250.5,42.7,28.3,151191,72641,39977,40,0,0,38454
2,tcp,1,10000,10,0,99701,99701,0,40.0,195.9,280.9,nan,nan,10,14.2,233.8,43.1,31.4,100384,0,0,33461,33421,0,33422
2,homa,1,20000,10,0,200170,200170,0,28.7,118.8,255.9,nan,nan,14,12.0,257.8,55.7,39.9,300713,144241,80697,40,0,0,75655
2,tcp,1,20000,10,0,200170,200170,0,33.2,93.7,248.2,nan,nan,15,15.2,221.8,56.1,44.0,199151,0,0,66383,66343,0,66346
2,homa,1,40000,10,0,400051,400051,0,29.7,112.0,267.5,nan,nan,23,15.6,225.9,80.3,59.3,575466,273703,161637,40,0,0,140008
2,tcp,1,40000,10,0,400051,400051,0,34.8,80.6,248.9,nan,nan,27,17.3,236.9,82.9,64.5,344931,0,0,114977,114936,1,114940
2,homa,1,60000,10,0,599978,599978,0,38.9,276.8,560.7,nan,nan,127,22.9,262.5,108.3,78.4,793033,372367,241552,41,0,0,178991
2,tcp,1,60000,10,0,599978,599978,0,39.2,90.8,264.9,nan,nan,29,20.0,247.8,103.7,80.7,415164,0,0,138387,138343,4,138353
2,homa,1,80000,10,0,800167,800167,0,48.2,716.7,1430.1,nan,nan,418,38.1,297.1,124.5,88.4,1021003,478717,321944,40,0,0,220223
2,tcp,1,80000,10,0,800167,800167,0,40.9,102.4,288.5,nan,nan,40,29.0,257.9,113.3,85.5,488759,0,0,162919,162879,1,162882
3,homa,1,10000,10,0,99701,99701,0,40.8,198.7,290.2,nan,nan,10,15.1,234.8,41.9,28.0,151851,73163,39988,40,0,0,38582
3,tcp,1,10000,10,0,99701,99701,0,40.5,200.0,288.3,nan,nan,10,15.0,237.9,42.6,30.8,100852,0,0,33617,33577,0,33578
3,homa,1,20000,10,0,200170,200170,0,30.1,136.1,269.0,nan,nan,13,15.4,224.8,55.6,39.6,300489,143930,80707,40,0,0,75732
3,tcp,1,20000,10,0,200170,200170,0,34.5,100.2,246.5,nan,nan,13,15.2,216.9,57.9,44.4,195374,0,0,65124,65082,2,65087
3,homa,1,40000,10,0,400051,400051,0,30.7,134.0,303.2,nan,nan,26,16.8,221.7,83.7,62.5,570936,270536,161648,40,0,0,138634
3,tcp,1,40000,10,0,400051,400051,0,36.8,81.2,252.3,nan,nan,21,19.3,252.6,86.8,68.5,339558,0,0,113184,113142,2,113150
3,homa,1,60000,10,0,599978,599978,0,35.0,205.7,396.2,nan,nan,42,24.4,290.0,104.0,74.1,811602,382408,241612,40,0,0,187465
3,tcp,1,60000,10,0,599978,599978,0,37.2,84.3,266.0,nan,nan,30,22.3,288.4,101.7,79.7,454061,0,0,151352,151313,0,151317
3,homa,1,80000,10,0,800167,800167,0,57.9,1152.1,2176.3,nan,nan,451,40.0,943.3,125.4,85.8,993987,462164,322081,40,0,0,209623
3,tcp,1,80000,10,0,800167,800167,0,40.8,96.5,295.6,nan,nan,43,22.3,303.4,95.4,89.5,460030,0,0,153343,153303,0,153306
