round,transport,workload,threads,ops,ktps,server_busy_sum,server_busy_max,client_busy_sum,client_busy_max
1,tcp,workloadb,1,500000,25.21,59.1,46.0,68.5,33.2
1,tcp,workloadb,2,800000,46.7023,94.6,72.9,134.2,36.6
1,tcp,workloadb,4,1500000,81.0309,133.4,98.3,250.2,59.4
1,tcp,workloadb,8,2000000,93.9216,132.1,99.7,325.6,35.6
1,tcp,workloadb,16,2000000,104.543,149.6,99.8,418.7,34.7
1,tcp,workloadd,1,500000,22.6402,60.7,57.7,64.2,41.2
1,tcp,workloadd,2,800000,40.4726,88.8,77.6,127.2,39.0
1,tcp,workloadd,4,1500000,67.5957,140.3,97.9,220.5,37.9
1,tcp,workloadd,8,2000000,101.813,148.2,99.7,370.1,41.7
1,tcp,workloadd,16,2000000,98.1665,152.7,99.8,439.6,28.7
1,tcp,workloade,1,10000,0.517648,60.3,47.0,67.7,25.8
1,tcp,workloade,2,16000,1.00207,100.9,77.8,129.3,28.9
1,tcp,workloade,4,30000,1.50408,139.0,97.7,226.3,32.3
1,tcp,workloade,8,40000,2.03042,148.9,99.7,343.7,31.2
1,tcp,workloade,16,40000,1.9823,152.5,99.9,384.0,26.7
1,tcp,workloadf,1,500000,17.3151,61.6,47.8,67.1,30.1
1,tcp,workloadf,2,800000,31.2826,97.0,75.0,133.1,38.7
1,tcp,workloadf,4,1500000,54.6051,134.3,98.5,244.3,43.5
1,tcp,workloadf,8,2000000,62.7584,142.1,99.7,320.2,33.9
1,tcp,workloadf,16,2000000,72.1572,151.8,99.9,431.8,29.5
2,tcp,workloadb,1,500000,24.3183,60.4,48.0,67.3,36.4
2,tcp,workloadb,2,800000,46.3463,91.8,69.9,134.1,51.3
2,tcp,workloadb,4,1500000,83.4634,134.6,98.1,257.3,42.3
2,tcp,workloadb,8,2000000,103.543,146.6,99.7,349.8,35.8
2,tcp,workloadb,16,2000000,107.231,148.5,99.8,448.8,31.6
2,tcp,workloadd,1,500000,21.5506,58.8,46.4,70.9,34.6
2,tcp,workloadd,2,800000,43.2534,94.9,73.6,134.7,45.0
2,tcp,workloadd,4,1500000,67.5944,123.0,98.3,215.7,43.0
2,tcp,workloadd,8,2000000,93.7221,138.5,99.6,365.5,44.0
2,tcp,workloadd,16,2000000,100.32,150.4,99.7,451.1,32.7
2,tcp,workloade,1,10000,0.508641,60.3,47.0,66.6,39.9
2,tcp,workloade,2,16000,0.916753,100.0,78.7,123.8,43.8
2,tcp,workloade,4,30000,1.53247,124.7,98.6,229.9,29.3
2,tcp,workloade,8,40000,1.96102,138.7,99.6,330.0,38.8
2,tcp,workloade,16,40000,1.91576,149.2,99.8,397.0,26.8
2,tcp,workloadf,1,500000,17.1434,61.3,48.1,67.8,43.5
2,tcp,workloadf,2,800000,31.7125,94.9,72.0,134.0,42.0
2,tcp,workloadf,4,1500000,50.5247,125.2,99.2,233.4,43.5
2,tcp,workloadf,8,2000000,68.3827,139.8,99.5,349.1,46.5
2,tcp,workloadf,16,2000000,74.4609,154.6,99.9,432.0,28.8
3,tcp,workloadb,1,500000,25.1886,58.4,45.5,68.6,32.5
3,tcp,workloadb,2,800000,43.528,97.4,72.6,125.7,34.8
3,tcp,workloadb,4,1500000,83.3321,134.3,98.1,258.0,35.0
3,tcp,workloadb,8,2000000,95.997,142.9,99.4,342.7,40.2
3,tcp,workloadb,16,2000000,111.684,153.9,99.8,474.9,31.3
3,tcp,workloadd,1,500000,21.9919,59.8,56.8,66.5,48.9
3,tcp,workloadd,2,800000,43.5382,97.3,75.4,128.5,30.3
3,tcp,workloadd,4,1500000,74.2536,133.0,97.4,266.5,51.1
3,tcp,workloadd,8,2000000,99.3121,146.3,99.7,380.3,33.4
3,tcp,workloadd,16,2000000,92.4927,148.9,99.8,417.5,28.8
3,tcp,workloade,1,10000,0.517751,60.3,47.1,66.4,32.6
3,tcp,workloade,2,16000,0.899752,91.9,80.4,119.7,40.1
3,tcp,workloade,4,30000,1.6274,133.9,98.0,236.8,44.5
3,tcp,workloade,8,40000,1.95681,138.6,99.7,323.8,31.3
3,tcp,workloade,16,40000,1.95586,147.3,99.6,383.7,29.7
3,tcp,workloadf,1,500000,16.6419,61.0,47.9,68.3,31.9
3,tcp,workloadf,2,800000,31.5714,99.8,77.8,126.6,52.7
3,tcp,workloadf,4,1500000,51.0372,131.8,98.1,249.7,47.5
3,tcp,workloadf,8,2000000,67.3665,140.1,99.7,343.1,37.3
3,tcp,workloadf,16,2000000,73.955,149.3,99.8,437.6,31.1
4,tcp,workloadb,1,500000,24.8007,59.6,46.8,68.4,23.4
4,tcp,workloadb,2,800000,46.4537,91.9,70.4,134.9,56.4
4,tcp,workloadb,4,1500000,85.6379,134.9,97.7,262.5,50.5
4,tcp,workloadb,8,2000000,106.856,145.8,99.7,397.0,39.5
4,tcp,workloadb,16,2000000,111.06,154.0,99.8,452.1,31.2
4,tcp,workloadd,1,500000,24.0178,59.7,46.4,67.8,36.2
4,tcp,workloadd,2,800000,44.1255,96.3,73.5,131.3,40.7
4,tcp,workloadd,4,1500000,70.5004,136.1,96.8,228.8,35.8
4,tcp,workloadd,8,2000000,99.0119,145.7,99.7,365.9,37.7
4,tcp,workloadd,16,2000000,94.9788,152.3,99.8,429.7,30.1
4,tcp,workloade,1,10000,0.513811,59.7,46.4,67.6,43.9
4,tcp,workloade,2,16000,0.956967,99.4,77.0,128.8,40.8
4,tcp,workloade,4,30000,1.602,133.6,98.5,236.2,39.0
4,tcp,workloade,8,40000,2.08343,146.7,99.7,359.3,37.6
4,tcp,workloade,16,40000,2.07073,149.4,99.8,419.8,28.2
4,tcp,workloadf,1,500000,17.0351,58.5,45.3,70.3,37.4
4,tcp,workloadf,2,800000,29.8984,96.9,71.3,127.2,42.4
4,tcp,workloadf,4,1500000,54.9843,134.3,98.1,254.7,48.7
4,tcp,workloadf,8,2000000,71.0283,151.8,99.4,360.8,44.0
4,tcp,workloadf,16,2000000,73.8537,153.0,99.9,441.8,32.6
5,tcp,workloadb,1,500000,24.7921,60.6,47.1,67.9,43.7
5,tcp,workloadb,2,800000,47.7611,93.1,72.7,133.6,35.0
5,tcp,workloadb,4,1500000,76.8433,132.9,99.6,236.8,44.0
5,tcp,workloadb,8,2000000,107.629,149.7,99.5,383.0,49.0
5,tcp,workloadb,16,2000000,103.622,149.6,99.8,442.6,31.6
5,tcp,workloadd,1,500000,23.9097,59.6,46.6,67.6,24.8
5,tcp,workloadd,2,800000,42.5942,93.3,72.3,138.8,47.6
5,tcp,workloadd,4,1500000,62.9634,125.9,96.3,234.3,44.0
5,tcp,workloadd,8,2000000,89.5012,137.6,99.5,341.3,40.8
5,tcp,workloadd,16,2000000,91.6603,144.2,99.7,424.3,30.0
5,tcp,workloade,1,10000,0.445292,63.1,59.9,63.2,41.4
5,tcp,workloade,2,16000,0.970626,99.8,77.5,136.8,26.5
5,tcp,workloade,4,30000,1.48868,137.8,96.8,229.8,41.7
5,tcp,workloade,8,40000,2.00121,139.5,99.7,352.7,33.5
5,tcp,workloade,16,40000,1.99174,152.7,99.7,385.0,28.1
5,tcp,workloadf,1,500000,17.1566,62.0,48.6,66.8,39.8
5,tcp,workloadf,2,800000,32.6208,100.0,76.7,134.8,29.0
5,tcp,workloadf,4,1500000,54.4942,135.7,98.0,278.1,46.7
5,tcp,workloadf,8,2000000,73.0246,147.7,99.5,378.2,40.0
5,tcp,workloadf,16,2000000,67.4776,154.0,99.8,414.1,28.7
