round,workload,transport,threads,clients,offered,ops,sets,gets,get_p50_us,get_p99_us,get_p999_us,set_p99_us,misses,errors,server_busy_sum,server_busy_max,client_busy_sum,client_busy_max,server_homa_timer_pct,client_homa_timer_pct
1,c52,tcp,16,1024,20000,19933.11,1390.61,18542.49,87.0,183.0,303.0,183.0,0.00,0,84.6,36.9,141.3,8.8,,
1,c52,tcp,16,1024,40000,39929.29,2803.59,37125.70,71.0,167.0,287.0,167.0,0.00,0,121.4,62.2,211.1,12.6,,
1,c52,tcp,16,1024,60000,60020.35,4198.76,55821.58,63.0,175.0,303.0,175.0,0.00,0,140.5,76.3,285.4,17.3,,
1,c52,tcp,16,1024,80000,79974.60,5575.48,74399.11,79.0,231.0,391.0,231.0,0.00,0,154.5,87.2,368.9,22.5,,
1,c52,tcp,16,1024,100000,99960.52,7021.71,92938.82,143.0,527.0,879.0,527.0,0.00,0,163.3,92.7,455.9,27.9,,
1,c52,tcp,16,8192,20000,19975.73,1411.89,18563.84,87.0,191.0,303.0,199.0,0.00,0,90.5,37.9,144.9,11.1,,
1,c52,tcp,16,8192,40000,40060.44,2804.10,37256.34,71.0,191.0,319.0,191.0,0.00,0,141.9,67.3,234.9,13.9,,
1,c52,tcp,16,8192,60000,60041.47,4186.89,55854.59,79.0,231.0,439.0,231.0,0.00,0,171.0,83.6,331.5,20.9,,
1,c52,tcp,16,8192,80000,79970.58,5619.93,74350.65,103.0,351.0,7135.0,351.0,0.00,0,191.1,93.3,440.4,28.3,,
1,c52,tcp,16,8192,100000,85019.94,5943.17,79076.77,96255.0,99327.0,118783.0,99327.0,0.00,0,183.7,95.4,466.4,28.2,,
1,c52,tcp,16,24576,20000,20029.59,1398.25,18631.34,87.0,215.0,343.0,223.0,0.00,0,91.2,38.4,149.7,8.9,,
1,c52,tcp,16,24576,40000,39943.14,2782.10,37161.04,79.0,199.0,343.0,207.0,0.00,0,140.1,64.0,246.7,14.5,,
1,c52,tcp,16,24576,60000,59936.85,4191.90,55744.95,79.0,279.0,4511.0,279.0,0.00,0,171.9,82.6,339.8,20.3,,
1,c52,tcp,16,24576,80000,79857.04,5601.52,74255.52,103.0,567.0,33023.0,535.0,0.00,0,192.4,93.9,445.6,27.9,,
1,c52,tcp,16,24576,100000,86739.19,6082.76,80656.43,274431.0,301055.0,366591.0,301055.0,0.00,0,197.2,94.3,524.4,31.1,,
1,c53,tcp,16,1024,20000,20058.53,2607.63,17450.90,103.0,255.0,471.0,271.0,0.00,0,98.8,48.5,161.0,9.9,,
1,c53,tcp,16,1024,40000,39950.28,5210.21,34740.07,111.0,295.0,535.0,311.0,0.00,0,144.3,76.8,269.5,16.8,,
1,c53,tcp,16,1024,60000,59920.19,7793.82,52126.37,151.0,543.0,1055.0,559.0,0.00,0,167.7,90.8,384.1,24.0,,
1,c53,tcp,16,1024,80000,78083.56,10157.26,67926.30,12927.0,14527.0,26239.0,25855.0,0.00,0,168.8,94.4,488.9,30.2,,
1,c53,tcp,16,1024,100000,80094.56,10418.33,69676.23,12671.0,14207.0,25727.0,25343.0,0.00,0,171.6,94.6,501.2,31.6,,
1,c53,tcp,16,8192,20000,20035.31,2596.45,17438.86,111.0,287.0,567.0,319.0,0.00,0,115.2,50.5,174.3,10.2,,
1,c53,tcp,16,8192,40000,39955.23,5202.73,34752.50,127.0,447.0,1191.0,535.0,0.00,0,175.2,82.6,303.5,18.0,,
1,c53,tcp,16,8192,60000,58368.62,7590.53,50778.09,124415.0,165887.0,242687.0,252927.0,0.00,0,196.1,92.9,432.5,25.8,,
1,c53,tcp,16,8192,80000,60016.49,7768.12,52248.37,136191.0,138239.0,139263.0,272383.0,0.00,0,187.9,93.7,444.0,27.2,,
1,c53,tcp,16,8192,100000,60100.35,7783.58,52316.77,135167.0,138239.0,139263.0,272383.0,0.00,0,187.6,93.5,469.4,28.2,,
1,c53,tcp,16,24576,20000,20038.19,2588.59,17449.61,111.0,303.0,671.0,343.0,0.00,0,118.8,51.3,181.8,10.5,,
1,c53,tcp,16,24576,40000,39879.31,5181.41,34697.90,127.0,559.0,3887.0,687.0,0.00,0,181.8,82.5,324.4,21.5,,
1,c53,tcp,16,24576,60000,54079.90,7024.77,47055.13,407551.0,505855.0,761855.0,847871.0,0.00,0,214.2,92.1,443.9,26.2,,
1,c53,tcp,16,24576,80000,54245.15,7058.16,47186.99,440319.0,493567.0,509951.0,884735.0,0.00,0,212.8,92.0,455.2,27.1,,
1,c53,tcp,16,24576,100000,54340.73,7073.48,47267.25,442367.0,446463.0,448511.0,888831.0,0.00,0,214.7,92.2,474.2,28.2,,
2,c52,tcp,16,1024,20000,19988.46,1392.55,18595.91,79.0,183.0,287.0,191.0,0.00,0,87.4,37.6,137.7,8.5,,
2,c52,tcp,16,1024,40000,39963.69,2785.87,37177.82,71.0,167.0,279.0,175.0,0.00,0,122.9,62.3,212.0,12.9,,
2,c52,tcp,16,1024,60000,59974.08,4205.69,55768.39,71.0,183.0,311.0,183.0,0.00,0,142.2,78.1,286.7,17.6,,
2,c52,tcp,16,1024,80000,79937.85,5581.85,74356.00,79.0,231.0,383.0,231.0,0.00,0,154.8,87.8,370.5,23.2,,
2,c52,tcp,16,1024,100000,99976.25,6984.43,92991.82,119.0,439.0,711.0,439.0,0.00,0,162.7,92.3,455.8,28.5,,
2,c52,tcp,16,8192,20000,19961.48,1386.87,18574.61,87.0,199.0,311.0,199.0,0.00,0,91.3,37.8,159.8,16.3,,
2,c52,tcp,16,8192,40000,39952.07,2796.51,37155.57,71.0,183.0,311.0,183.0,0.00,0,139.2,63.5,235.2,16.4,,
2,c52,tcp,16,8192,60000,60052.18,4180.25,55871.94,79.0,231.0,783.0,239.0,0.00,0,172.5,83.0,331.3,19.8,,
2,c52,tcp,16,8192,80000,80050.33,5592.88,74457.46,103.0,367.0,6975.0,375.0,0.00,0,192.7,93.1,433.3,27.0,,
2,c52,tcp,16,8192,100000,85165.29,5947.46,79217.83,95743.0,98815.0,121855.0,98815.0,0.00,0,183.6,95.4,465.2,27.9,,
2,c52,tcp,16,24576,20000,20031.49,1392.86,18638.63,95.0,215.0,327.0,215.0,0.00,0,94.0,40.8,148.9,8.8,,
2,c52,tcp,16,24576,40000,40009.94,2794.26,37215.68,79.0,199.0,335.0,199.0,0.00,0,141.6,65.5,240.9,15.2,,
2,c52,tcp,16,24576,60000,59969.94,4212.25,55757.68,79.0,279.0,3087.0,279.0,0.00,0,171.5,82.5,344.2,20.5,,
2,c52,tcp,16,24576,80000,79878.41,5572.08,74306.32,111.0,567.0,37119.0,567.0,0.00,0,193.7,94.8,451.7,27.8,,
2,c52,tcp,16,24576,100000,86993.33,6126.28,80867.06,274431.0,286719.0,366591.0,286719.0,0.00,0,197.6,94.4,494.4,29.5,,
2,c53,tcp,16,1024,20000,20037.40,2582.78,17454.62,103.0,247.0,431.0,255.0,0.00,0,96.9,46.2,162.3,12.3,,
2,c53,tcp,16,1024,40000,39927.16,5187.17,34739.98,103.0,279.0,511.0,279.0,0.00,0,141.7,73.9,266.5,17.0,,
2,c53,tcp,16,1024,60000,60044.79,7796.35,52248.44,167.0,615.0,1087.0,639.0,0.00,0,169.3,91.7,387.8,23.6,,
2,c53,tcp,16,1024,80000,78590.66,10204.81,68385.85,12799.0,14335.0,25983.0,25599.0,0.00,0,168.9,93.6,497.3,30.2,,
2,c53,tcp,16,1024,100000,77063.34,10009.27,67054.07,13183.0,14399.0,26751.0,26367.0,0.00,0,167.2,93.1,487.8,29.8,,
2,c53,tcp,16,8192,20000,20008.83,2599.67,17409.17,111.0,287.0,591.0,319.0,0.00,0,116.6,51.0,176.7,10.4,,
2,c53,tcp,16,8192,40000,40046.87,5192.57,34854.30,119.0,439.0,1247.0,519.0,0.00,0,174.6,81.4,305.0,18.2,,
2,c53,tcp,16,8192,60000,58229.01,7570.09,50658.92,125951.0,165887.0,246783.0,255999.0,0.00,0,195.6,92.5,425.5,25.5,,
2,c53,tcp,16,8192,80000,60081.16,7819.51,52261.65,135167.0,137215.0,138239.0,272383.0,0.00,0,187.6,93.7,444.0,27.0,,
2,c53,tcp,16,8192,100000,60366.99,7833.27,52533.72,135167.0,137215.0,138239.0,270335.0,0.00,0,188.4,93.5,453.8,27.6,,
2,c53,tcp,16,24576,20000,19978.56,2610.26,17368.30,111.0,303.0,647.0,343.0,0.00,0,117.9,51.4,181.4,12.8,,
2,c53,tcp,16,24576,40000,40009.76,5183.08,34826.68,135.0,567.0,2431.0,671.0,0.00,0,182.4,83.0,320.5,21.4,,
2,c53,tcp,16,24576,60000,54295.82,7064.15,47231.67,407551.0,503807.0,770047.0,847871.0,0.00,0,216.8,92.1,448.1,26.6,,
2,c53,tcp,16,24576,80000,54596.99,7099.47,47497.51,440319.0,444415.0,505855.0,884735.0,0.00,0,214.8,92.1,458.1,27.3,,
2,c53,tcp,16,24576,100000,55234.09,7179.75,48054.34,432127.0,442367.0,446463.0,872447.0,0.00,0,213.4,92.1,474.8,29.3,,
3,c52,tcp,16,1024,20000,19953.86,1403.97,18549.89,87.0,183.0,295.0,183.0,0.00,0,87.5,39.7,135.1,10.1,,
3,c52,tcp,16,1024,40000,39988.35,2800.41,37187.95,71.0,167.0,295.0,175.0,0.00,0,122.5,63.4,215.0,14.6,,
3,c52,tcp,16,1024,60000,60108.33,4191.99,55916.34,63.0,175.0,303.0,183.0,0.00,0,140.8,76.9,287.3,17.4,,
3,c52,tcp,16,1024,80000,80164.66,5605.28,74559.38,79.0,231.0,383.0,231.0,0.00,0,154.1,87.7,368.4,22.6,,
3,c52,tcp,16,1024,100000,99959.36,7009.15,92950.21,151.0,527.0,751.0,527.0,0.00,0,163.1,92.7,473.5,28.9,,
3,c52,tcp,16,8192,20000,20038.66,1390.68,18647.98,87.0,199.0,319.0,207.0,0.00,0,92.3,39.4,148.9,11.3,,
3,c52,tcp,16,8192,40000,40012.58,2799.25,37213.33,71.0,183.0,303.0,183.0,0.00,0,139.5,65.0,233.5,14.3,,
3,c52,tcp,16,8192,60000,60033.57,4208.29,55825.29,71.0,223.0,511.0,223.0,0.00,0,169.4,81.0,336.3,20.1,,
3,c52,tcp,16,8192,80000,79902.48,5573.88,74328.60,103.0,367.0,5119.0,375.0,0.00,0,191.2,93.6,446.4,28.0,,
3,c52,tcp,16,8192,100000,85547.43,5977.04,79570.39,95743.0,96767.0,121343.0,96767.0,0.00,0,183.3,95.4,467.7,28.0,,
3,c52,tcp,16,24576,20000,20000.57,1412.65,18587.92,95.0,215.0,327.0,215.0,0.00,0,92.3,39.0,152.3,11.2,,
3,c52,tcp,16,24576,40000,39994.25,2810.90,37183.35,79.0,199.0,327.0,207.0,0.00,0,140.5,64.6,247.2,14.6,,
3,c52,tcp,16,24576,60000,60011.38,4202.49,55808.88,79.0,287.0,5151.0,295.0,0.00,0,172.0,83.3,349.7,20.6,,
3,c52,tcp,16,24576,80000,79962.12,5622.01,74340.11,111.0,527.0,32767.0,527.0,0.00,0,191.8,94.3,454.2,27.0,,
3,c52,tcp,16,24576,100000,86517.98,6041.32,80476.66,278527.0,303103.0,368639.0,299007.0,0.00,0,196.7,94.3,488.1,29.1,,
3,c53,tcp,16,1024,20000,19964.19,2593.45,17370.74,111.0,255.0,447.0,263.0,0.00,0,96.8,46.6,165.0,9.8,,
3,c53,tcp,16,1024,40000,39999.75,5210.28,34789.47,103.0,287.0,543.0,295.0,0.00,0,143.1,75.8,269.4,16.2,,
3,c53,tcp,16,1024,60000,59956.73,7771.45,52185.27,159.0,551.0,1215.0,567.0,0.00,0,167.3,90.6,408.8,25.5,,
3,c53,tcp,16,1024,80000,77675.29,10110.63,67564.66,12991.0,14399.0,26367.0,25983.0,0.00,0,169.4,93.1,476.2,29.7,,
3,c53,tcp,16,1024,100000,76776.39,9968.21,66808.18,13247.0,14655.0,26879.0,26495.0,0.00,0,168.6,93.1,495.5,30.7,,
3,c53,tcp,16,8192,20000,19961.96,2586.35,17375.61,111.0,295.0,591.0,327.0,0.00,0,116.3,51.3,180.8,11.5,,
3,c53,tcp,16,8192,40000,40022.04,5236.33,34785.70,119.0,439.0,1751.0,535.0,0.00,0,172.7,80.4,304.8,19.4,,
3,c53,tcp,16,8192,60000,58197.00,7595.69,50601.31,125951.0,166911.0,246783.0,255999.0,0.00,0,195.1,92.3,430.9,25.5,,
3,c53,tcp,16,8192,80000,59915.46,7842.20,52073.26,136191.0,138239.0,139263.0,272383.0,0.00,0,187.8,93.0,450.9,32.9,,
3,c53,tcp,16,8192,100000,60180.70,7839.26,52341.45,135167.0,138239.0,138239.0,272383.0,0.00,0,187.5,93.4,464.6,28.3,,
3,c53,tcp,16,24576,20000,20039.01,2585.36,17453.66,111.0,311.0,831.0,351.0,0.00,0,116.9,50.3,184.7,13.4,,
3,c53,tcp,16,24576,40000,39952.55,5224.35,34728.20,127.0,607.0,3871.0,711.0,0.00,0,181.6,83.0,322.8,19.0,,
3,c53,tcp,16,24576,60000,54387.48,7073.88,47313.60,403455.0,503807.0,753663.0,839679.0,0.00,0,215.4,92.2,447.1,26.6,,
3,c53,tcp,16,24576,80000,54657.16,7109.95,47547.21,440319.0,446463.0,509951.0,884735.0,0.00,0,213.8,92.4,469.4,29.1,,
3,c53,tcp,16,24576,100000,54275.93,7016.47,47259.46,444415.0,452607.0,477183.0,892927.0,0.00,0,214.2,92.0,481.4,30.2,,
