round,workload,transport,clients,offered,ops,sets,gets,get_p50_us,get_p99_us,get_p999_us,set_p99_us,misses,errors,server_busy_sum,server_busy_max,client_busy_sum,client_busy_max,server_homa_timer_pct,client_homa_timer_pct
1,c52,homa,1024,20000,20025.87,1401.80,18624.06,55.0,167.0,287.0,175.0,0.00,0,51.9,35.7,126.4,9.6,1,9
1,c52,homa,1024,40000,39944.88,2790.49,37154.39,47.0,143.0,263.0,143.0,0.00,0,77.7,55.2,194.6,17.0,1,8
1,c52,homa,1024,60000,59970.03,4199.27,55770.76,55.0,167.0,303.0,167.0,0.00,0,100.9,69.8,267.6,25.9,1,8
1,c52,homa,1024,80000,79917.26,5605.72,74311.54,63.0,207.0,351.0,207.0,0.00,0,118.4,79.0,332.6,33.5,0,8
1,c52,homa,1024,100000,99933.31,6978.04,92955.27,87.0,335.0,759.0,335.0,0.00,0,134.1,87.5,409.9,43.2,1,8
1,c52,homa,8192,20000,19983.98,1398.24,18585.74,55.0,175.0,295.0,183.0,0.00,0,52.0,35.7,161.4,37.9,1,39
1,c52,homa,8192,40000,39932.72,2789.38,37143.34,55.0,151.0,279.0,151.0,0.00,0,76.1,53.8,238.1,39.1,0,40
1,c52,homa,8192,60000,60012.67,4194.86,55817.81,55.0,191.0,2687.0,191.0,0.00,0,101.3,70.3,321.8,40.2,0,40
1,c52,homa,8192,80000,80001.81,5620.14,74381.68,71.0,247.0,13439.0,247.0,0.00,0,119.5,80.2,387.8,41.0,1,40
1,c52,homa,8192,100000,99909.76,7002.25,92907.52,95.0,383.0,27007.0,391.0,0.00,0,133.9,87.3,466.4,44.0,1,40
1,c52,homa,24576,20000,20037.68,1407.82,18629.86,55.0,215.0,351.0,223.0,0.00,0,52.6,36.6,191.7,64.0,1,67
1,c52,homa,24576,40000,40109.75,2804.24,37305.50,55.0,175.0,295.0,175.0,0.00,0,79.5,57.0,267.5,65.4,0,68
1,c52,homa,24576,60000,59939.22,4192.01,55747.22,63.0,207.0,535.0,215.0,0.00,0,102.1,71.2,357.9,67.8,0,68
1,c52,homa,24576,80000,79915.25,5574.80,74340.45,79.0,351.0,15231.0,351.0,0.00,0,121.0,81.7,440.4,68.8,1,68
1,c52,homa,24576,100000,89126.39,6231.68,82894.71,259071.0,303103.0,378879.0,303103.0,0.00,0,307.0,91.0,599.5,96.0,53,96
1,c53,homa,1024,20000,20043.08,2611.40,17431.67,79.0,247.0,431.0,303.0,0.00,0,67.1,45.6,155.2,14.7,1,8
1,c53,homa,1024,40000,40002.92,5160.96,34841.95,95.0,311.0,631.0,335.0,0.00,0,102.3,70.7,260.2,30.3,0,8
1,c53,homa,1024,60000,59835.11,7792.43,52042.67,223.0,879.0,1311.0,895.0,0.00,0,127.1,85.8,364.0,42.9,1,8
1,c53,homa,1024,80000,63946.51,8312.34,55634.17,15999.0,17151.0,17791.0,17151.0,0.00,0,182.7,88.7,450.9,60.8,7,42
1,c53,homa,1024,100000,63981.23,8300.58,55680.65,15999.0,17279.0,18047.0,17279.0,0.00,0,182.1,88.7,458.2,59.2,6,42
1,c53,homa,8192,20000,20002.34,2617.96,17384.37,79.0,271.0,463.0,327.0,0.00,0,67.9,46.6,191.0,38.6,1,39
1,c53,homa,8192,40000,40028.32,5213.19,34815.12,103.0,391.0,1503.0,423.0,0.00,0,105.2,73.6,302.9,39.9,1,40
1,c53,homa,8192,60000,56686.01,7370.03,49315.98,135167.0,142335.0,254975.0,142335.0,0.00,0,254.1,89.8,491.7,86.6,28,86
1,c53,homa,8192,80000,56118.80,7317.97,48800.83,145407.0,150527.0,255999.0,150527.0,0.00,0,255.0,90.0,513.5,87.3,29,87
1,c53,homa,8192,100000,56688.97,7365.93,49323.04,144383.0,150527.0,254975.0,150527.0,0.00,0,256.1,90.2,535.1,88.0,29,88
1,c53,homa,24576,20000,20016.36,2600.34,17416.02,87.0,295.0,487.0,359.0,0.00,0,69.7,48.1,223.7,64.8,0,67
1,c53,homa,24576,40000,39990.89,5202.16,34788.72,103.0,487.0,2207.0,527.0,0.00,0,105.3,73.8,328.6,66.8,1,68
1,c53,homa,24576,60000,51188.31,6654.05,44534.27,419839.0,544767.0,684031.0,7864319.0,0.00,0,294.5,90.9,512.5,95.3,55,95
1,c53,homa,24576,80000,51056.39,6631.10,44425.30,421887.0,528383.0,659455.0,14548991.0,0.00,0,311.7,91.0,521.8,96.1,60,96
1,c53,homa,24576,100000,51262.54,6647.81,44614.73,415743.0,528383.0,659455.0,14483455.0,0.00,0,317.3,91.2,546.1,96.3,62,96
2,c52,homa,1024,20000,20000.42,1392.29,18608.14,55.0,175.0,295.0,175.0,0.00,0,54.3,38.1,125.4,9.4,1,8
2,c52,homa,1024,40000,40069.35,2790.34,37279.01,47.0,135.0,263.0,143.0,0.00,0,76.7,54.1,194.4,17.1,1,8
2,c52,homa,1024,60000,60005.87,4189.43,55816.44,55.0,167.0,303.0,167.0,0.00,0,100.6,69.4,277.0,25.2,1,8
2,c52,homa,1024,80000,79943.98,5612.72,74331.25,63.0,199.0,351.0,207.0,0.00,0,118.0,78.6,327.1,33.4,1,8
2,c52,homa,1024,100000,100020.15,7024.53,92995.62,87.0,295.0,503.0,303.0,0.00,0,133.7,86.9,405.2,42.2,1,8
2,c52,homa,8192,20000,19993.28,1388.32,18604.96,55.0,183.0,311.0,191.0,0.00,0,51.8,35.5,162.5,37.7,1,39
2,c52,homa,8192,40000,39981.25,2800.89,37180.35,55.0,151.0,279.0,159.0,0.00,0,79.6,57.4,233.5,38.9,0,40
2,c52,homa,8192,60000,59998.68,4181.70,55816.98,55.0,191.0,3631.0,199.0,0.00,0,101.3,70.5,306.3,39.8,0,39
2,c52,homa,8192,80000,80068.63,5577.34,74491.29,71.0,255.0,12927.0,263.0,0.00,0,120.4,81.0,394.7,40.9,1,40
2,c52,homa,8192,100000,99946.73,6998.34,92948.39,95.0,391.0,25343.0,391.0,0.00,0,134.3,87.2,487.0,44.3,1,41
2,c52,homa,24576,20000,20054.49,1405.97,18648.52,55.0,215.0,335.0,215.0,0.00,0,53.2,37.0,190.1,64.0,1,67
2,c52,homa,24576,40000,39839.80,2790.57,37049.22,55.0,175.0,295.0,183.0,0.00,0,78.3,55.7,287.5,65.5,0,68
2,c52,homa,24576,60000,59997.43,4218.70,55778.73,63.0,215.0,687.0,223.0,0.00,0,104.4,73.6,361.3,67.9,1,68
2,c52,homa,24576,80000,79853.39,5590.88,74262.51,79.0,375.0,17919.0,375.0,0.00,0,121.3,82.0,456.6,69.1,1,68
2,c52,homa,24576,100000,86845.18,6074.82,80770.36,274431.0,307199.0,372735.0,309247.0,0.00,0,308.3,90.9,595.2,96.1,53,96
2,c53,homa,1024,20000,20039.85,2606.88,17432.97,79.0,239.0,423.0,303.0,0.00,0,67.1,45.5,154.0,14.8,0,8
2,c53,homa,1024,40000,40012.18,5226.86,34785.32,95.0,319.0,583.0,343.0,0.00,0,103.0,71.3,249.9,28.9,0,8
2,c53,homa,1024,60000,60025.53,7803.19,52222.33,231.0,943.0,1407.0,951.0,0.00,0,127.4,85.9,353.1,43.0,1,8
2,c53,homa,1024,80000,63760.40,8274.67,55485.73,16063.0,17279.0,18303.0,17279.0,0.00,0,182.2,88.7,440.6,58.4,7,42
2,c53,homa,1024,100000,63833.68,8312.71,55520.96,16063.0,17279.0,18431.0,17279.0,0.00,0,181.9,88.6,457.1,58.3,6,42
2,c53,homa,8192,20000,20056.03,2622.33,17433.70,79.0,263.0,447.0,327.0,0.00,0,68.5,46.6,188.8,38.3,1,39
2,c53,homa,8192,40000,40102.85,5198.95,34903.90,103.0,399.0,2207.0,423.0,0.00,0,104.4,72.6,290.6,39.5,1,40
2,c53,homa,8192,60000,56192.08,7304.75,48887.33,138239.0,145407.0,255999.0,145407.0,0.00,0,253.7,90.0,493.2,86.8,28,87
2,c53,homa,8192,80000,56354.34,7317.80,49036.55,144383.0,149503.0,257023.0,149503.0,0.00,0,254.9,90.1,508.9,87.6,29,87
2,c53,homa,8192,100000,55597.10,7219.32,48377.78,146431.0,151551.0,255999.0,151551.0,0.00,0,253.2,89.9,520.4,87.6,29,87
2,c53,homa,24576,20000,20057.11,2621.28,17435.83,87.0,303.0,495.0,367.0,0.00,0,69.1,47.9,222.5,64.8,0,67
2,c53,homa,24576,40000,40013.70,5187.99,34825.71,111.0,487.0,3023.0,519.0,0.00,0,105.6,73.9,330.0,66.8,0,68
2,c53,homa,24576,60000,51902.27,6742.43,45159.84,413695.0,548863.0,679935.0,6684671.0,0.00,0,293.6,90.9,512.6,95.3,54,95
2,c53,homa,24576,80000,51682.32,6712.83,44969.49,415743.0,532479.0,679935.0,14680063.0,0.00,0,314.7,91.0,523.0,96.1,61,96
2,c53,homa,24576,100000,51596.35,6717.79,44878.57,411647.0,524287.0,643071.0,14876671.0,0.00,0,318.1,91.1,538.8,96.3,62,96
3,c52,homa,1024,20000,20017.51,1401.09,18616.42,55.0,167.0,287.0,167.0,0.00,0,51.2,35.1,128.4,9.4,1,8
3,c52,homa,1024,40000,40023.39,2820.29,37203.10,47.0,143.0,263.0,143.0,0.00,0,77.3,54.9,189.7,17.2,0,8
3,c52,homa,1024,60000,59993.14,4208.02,55785.11,55.0,167.0,311.0,175.0,0.00,0,101.7,70.7,271.5,25.1,1,8
3,c52,homa,1024,80000,79952.70,5603.30,74349.40,63.0,215.0,375.0,223.0,0.00,0,119.2,80.0,334.5,35.7,0,8
3,c52,homa,1024,100000,100093.64,6971.99,93121.65,79.0,303.0,583.0,303.0,0.00,0,133.2,86.6,404.2,44.2,1,8
3,c52,homa,8192,20000,19956.42,1395.29,18561.13,55.0,183.0,295.0,191.0,0.00,0,53.0,36.7,160.6,38.0,1,39
3,c52,homa,8192,40000,39956.89,2790.63,37166.26,55.0,151.0,271.0,151.0,0.00,0,77.4,55.1,235.1,39.0,0,40
3,c52,homa,8192,60000,60059.07,4205.92,55853.15,55.0,183.0,2527.0,191.0,0.00,0,100.7,69.7,312.8,40.0,0,40
3,c52,homa,8192,80000,79962.89,5588.12,74374.77,71.0,263.0,13695.0,271.0,0.00,0,119.9,80.5,392.8,40.8,0,40
3,c52,homa,8192,100000,100029.89,7001.66,93028.23,103.0,423.0,25599.0,423.0,0.00,0,135.3,88.0,463.0,43.5,1,40
3,c52,homa,24576,20000,19996.12,1407.28,18588.85,63.0,215.0,351.0,223.0,0.00,0,54.5,38.3,190.4,64.2,1,67
3,c52,homa,24576,40000,40030.56,2806.63,37223.93,55.0,175.0,303.0,175.0,0.00,0,79.9,57.5,267.4,65.2,0,68
3,c52,homa,24576,60000,59961.57,4178.04,55783.53,63.0,207.0,583.0,215.0,0.00,0,102.4,71.4,348.9,67.6,1,68
3,c52,homa,24576,80000,79986.67,5590.77,74395.90,79.0,375.0,15423.0,383.0,0.00,0,121.3,82.1,435.8,69.0,0,68
3,c52,homa,24576,100000,88378.60,6185.52,82193.08,264191.0,301055.0,374783.0,301055.0,0.00,0,310.5,90.8,580.7,96.1,53,96
3,c53,homa,1024,20000,20025.24,2596.84,17428.40,71.0,239.0,391.0,295.0,0.00,0,67.3,45.6,152.7,14.6,0,8
3,c53,homa,1024,40000,39946.53,5199.62,34746.91,87.0,311.0,607.0,343.0,0.00,0,102.6,70.6,247.0,30.2,0,8
3,c53,homa,1024,60000,59989.72,7795.89,52193.83,239.0,983.0,1519.0,999.0,0.00,0,127.1,85.8,352.9,42.3,1,8
3,c53,homa,1024,80000,64075.78,8330.33,55745.45,15999.0,17151.0,17919.0,17151.0,0.00,0,182.7,88.6,438.8,57.9,6,42
3,c53,homa,1024,100000,63825.71,8274.77,55550.94,16063.0,17279.0,18303.0,17279.0,0.00,0,183.2,88.8,452.0,57.9,6,42
3,c53,homa,8192,20000,20069.97,2621.17,17448.80,79.0,271.0,487.0,327.0,0.00,0,68.3,46.8,189.7,38.5,0,40
3,c53,homa,8192,40000,39954.77,5204.31,34750.45,103.0,415.0,2287.0,439.0,0.00,0,104.6,72.8,291.9,39.9,0,40
3,c53,homa,8192,60000,56950.67,7387.73,49562.94,134143.0,140287.0,254975.0,140287.0,0.00,0,255.0,89.9,491.6,86.4,28,86
3,c53,homa,8192,80000,56944.46,7372.95,49571.51,143359.0,149503.0,255999.0,149503.0,0.00,0,256.2,89.9,516.0,87.2,29,87
3,c53,homa,8192,100000,56731.28,7384.53,49346.75,143359.0,150527.0,254975.0,150527.0,0.00,0,256.2,90.0,517.8,87.2,29,87
3,c53,homa,24576,20000,20061.29,2602.62,17458.67,87.0,295.0,503.0,359.0,0.00,0,69.5,48.3,223.3,64.7,1,67
3,c53,homa,24576,40000,39971.47,5202.01,34769.46,103.0,487.0,1871.0,535.0,0.00,0,105.1,73.4,325.4,66.7,0,68
3,c53,homa,24576,60000,51998.07,6781.49,45216.58,409599.0,528383.0,655359.0,7143423.0,0.00,0,293.7,90.9,502.8,95.1,54,95
3,c53,homa,24576,80000,51571.93,6689.98,44881.95,417791.0,536575.0,679935.0,14352383.0,0.00,0,312.6,90.9,519.7,96.1,59,96
3,c53,homa,24576,100000,51445.70,6690.31,44755.39,415743.0,540671.0,684031.0,14286847.0,0.00,0,316.7,91.2,540.7,96.2,61,96
